{"units": [{"unit": "OPSEN", "Pendapatan Usaha": {"rkap": 24978.50479886494, "real": 27799.095176575844}, "BPP": {"rkap": 23573.722396148172, "real": 25247.998411601682}, "Laba Kotor": {"rkap": 1404.7824027167671, "real": 2551.096764974162}, "Beban Usaha": {"rkap": 1187.024934416678, "real": 1138.7829180125134}, "Laba Usaha": {"rkap": 217.75746830008902, "real": 1412.3138469616488}, "Laba Bersih": {"rkap": 57.21901066072821, "real": 588.5919168947246}, "EBITDA": {"rkap": 654.9627283177691, "real": 1574.5312065157825}, "EBITDA Margin": {"rkap": 0.026221054206076084, "real": 0.056639656669204064}, "BOPO": {"rkap": 0.9912822056382661, "real": 0.949195690075852}}, {"unit": "PPT", "Pendapatan Usaha": {"rkap": 356.95397296337086, "real": 523.652724}, "BPP": {"rkap": 346.1058808714249, "real": 497.71090399999997}, "Laba Kotor": {"rkap": 10.848092091945931, "real": 25.941820000000007}, "Beban Usaha": {"rkap": 2.816143655957041, "real": 3.210645}, "Laba Usaha": {"rkap": 8.031948435988891, "real": 22.731175000000007}, "Laba Bersih": {"rkap": 6.227297033935403, "real": 15.677410000000007}, "EBITDA": {"rkap": 8.190504584034851, "real": 19.720700000000004}, "EBITDA Margin": {"rkap": 0.022945548178210998, "real": 0.037659882391827305}, "BOPO": {"rkap": 0.9774986439587461, "real": 0.956591126221278}}, {"unit": "PTPR", "Pendapatan Usaha": {"rkap": 1152.863335237969, "real": 950.435924}, "BPP": {"rkap": 1129.6689514596596, "real": 934.108434}, "Laba Kotor": {"rkap": 23.19438377830945, "real": 16.32748999999999}, "Beban Usaha": {"rkap": 18.006270890590947, "real": 13.088541}, "Laba Usaha": {"rkap": 5.188112887718503, "real": 3.2389489999999914}, "Laba Bersih": {"rkap": 7.366284405147224, "real": 8.143257999999992}, "EBITDA": {"rkap": 11.805420890618167, "real": 10.775901999999991}, "EBITDA Margin": {"rkap": 0.010240087033543609, "real": 0.011337852166454927}, "BOPO": {"rkap": 0.9954998023363736, "real": 0.9965921437540275}}, {"unit": "PIMD", "Pendapatan Usaha": {"rkap": 2471.0866265507657, "real": 1856.012549}, "BPP": {"rkap": 2454.2134154789587, "real": 1835.442773}, "Laba Kotor": {"rkap": 16.87321107180696, "real": 20.569776000000072}, "Beban Usaha": {"rkap": 6.102340534028778, "real": 13.053391000000001}, "Laba Usaha": {"rkap": 10.770870537778181, "real": 7.516385000000069}, "Laba Bersih": {"rkap": 7.240120435506569, "real": 81.35532100000007}, "EBITDA": {"rkap": 12.40139827843083, "real": 9.340282000000068}, "EBITDA Margin": {"rkap": 0.005018601187503152, "real": 0.005032445499914596}, "BOPO": {"rkap": 0.995641241216698, "real": 0.9959502509807653}}, {"unit": "PTPL", "Pendapatan Usaha": {"rkap": 391.9485259021904, "real": 378.591714}, "BPP": {"rkap": 301.44003303237514, "real": 284.148154}, "Laba Kotor": {"rkap": 90.50849286981527, "real": 94.44356000000006}, "Beban Usaha": {"rkap": 43.27538397675377, "real": 37.551705}, "Laba Usaha": {"rkap": 47.23310889306149, "real": 56.89185500000006}, "Laba Bersih": {"rkap": 37.379857758382904, "real": 48.64380800000005}, "EBITDA": {"rkap": 56.62984306815903, "real": 67.61526000000005}, "EBITDA Margin": {"rkap": 0.14448285763496108, "real": 0.17859677721314324}, "BOPO": {"rkap": 0.8794915511307514, "real": 0.8497276805165365}}, {"unit": "PATLOG", "Pendapatan Usaha": {"rkap": 106.31967228407628, "real": 63.648957}, "BPP": {"rkap": 97.71121357735771, "real": 56.686669}, "Laba Kotor": {"rkap": 8.608458706718563, "real": 6.962288}, "Beban Usaha": {"rkap": 4.1423343000206, "real": 4.369897}, "Laba Usaha": {"rkap": 4.466124406697963, "real": 2.5923910000000006}, "Laba Bersih": {"rkap": 2.8940682569736587, "real": 1.1872280000000006}, "EBITDA": {"rkap": 7.313282221757143, "real": 8.204851000000001}, "EBITDA Margin": {"rkap": 0.06878578596646473, "real": 0.12890786254360775}, "BOPO": {"rkap": 0.9579934332870695, "real": 0.9592704873388577}}, {"unit": "PertaMC", "Pendapatan Usaha": {"rkap": 63.72220131960992, "real": 47.576072}, "BPP": {"rkap": 56.9294146589395, "real": 42.941872000000004}, "Laba Kotor": {"rkap": 6.792786660670419, "real": 4.634199999999997}, "Beban Usaha": {"rkap": 4.004389328634073, "real": 3.913783}, "Laba Usaha": {"rkap": 2.7883973320363467, "real": 0.7204169999999972}, "Laba Bersih": {"rkap": 1.5005848589547535, "real": 0.08985799999999725}, "EBITDA": {"rkap": 3.489060398586201, "real": 1.2459539999999971}, "EBITDA Margin": {"rkap": 0.054754235201106824, "real": 0.026188668959471837}, "BOPO": {"rkap": 0.9562413527107978, "real": 0.9848575771450826}}, {"unit": "PITSA", "Pendapatan Usaha": {"rkap": 35.146445793519774, "real": 42.023483999999996}, "BPP": {"rkap": 25.74197214956372, "real": 30.66814}, "Laba Kotor": {"rkap": 9.404473643956054, "real": 11.355343999999997}, "Beban Usaha": {"rkap": 3.388036988907765, "real": 2.325922}, "Laba Usaha": {"rkap": 6.01643665504829, "real": 9.029421999999997}, "Laba Bersih": {"rkap": 5.6714622493379245, "real": 8.260194999999998}, "EBITDA": {"rkap": 6.484128747845745, "real": 9.416720999999997}, "EBITDA Margin": {"rkap": 0.18448888931583732, "real": 0.22408234881239258}, "BOPO": {"rkap": 0.828818063414037, "real": 0.7851339027482824}}, {"unit": "PERTRAS", "Pendapatan Usaha": {"rkap": 72.19658620796618, "real": 88.336826}, "BPP": {"rkap": 65.90851768555667, "real": 83.167109}, "Laba Kotor": {"rkap": 6.288068522409507, "real": 5.169717000000004}, "Beban Usaha": {"rkap": 4.398989402462076, "real": 2.736526}, "Laba Usaha": {"rkap": 1.8890791199474306, "real": 2.4331910000000043}, "Laba Bersih": {"rkap": 3.8312526706155468, "real": 8.684925000000005}, "EBITDA": {"rkap": 5.124262706879997, "real": 9.141599810000004}, "EBITDA Margin": {"rkap": 0.0709765236284065, "real": 0.10348571738359723}, "BOPO": {"rkap": 0.9738342320715021, "real": 0.9724555306073596}}, {"unit": "KPB", "Pendapatan Usaha": {"rkap": 263.5154214054795, "real": 0.0}, "BPP": {"rkap": 176.07348330191866, "real": 0.0}, "Laba Kotor": {"rkap": 87.44193810356083, "real": 0.0}, "Beban Usaha": {"rkap": 10.866953704109587, "real": 0.772385}, "Laba Usaha": {"rkap": 76.57498439945124, "real": -0.772385}, "Laba Bersih": {"rkap": 36.40722740513361, "real": -51.784349}, "EBITDA": {"rkap": 160.0146214898622, "real": -53.577933}, "EBITDA Margin": {"rkap": 0.6072305773848532, "real": 0}, "BOPO": {"rkap": 0.7094098554421113, "real": 0}}, {"unit": "PIS NC", "Pendapatan Usaha": {"rkap": 0.0, "real": 0.0}, "BPP": {"rkap": 0.0, "real": 0.0}, "Laba Kotor": {"rkap": 0.0, "real": 0.0}, "Beban Usaha": {"rkap": 0.0, "real": 0.0}, "Laba Usaha": {"rkap": 0.0, "real": 0.0}, "Laba Bersih": {"rkap": 0.0, "real": 0.0}, "EBITDA": {"rkap": 0.0, "real": 0.0}, "EBITDA Margin": {"rkap": 0, "real": 0}, "BOPO": {"rkap": 0, "real": 0}}, {"unit": "PIS AP", "Pendapatan Usaha": {"rkap": 0.0, "real": 0.0}, "BPP": {"rkap": 0.0, "real": 0.0}, "Laba Kotor": {"rkap": 0.0, "real": 0.0}, "Beban Usaha": {"rkap": 0.0, "real": 0.0}, "Laba Usaha": {"rkap": 0.0, "real": 0.0}, "Laba Bersih": {"rkap": 0.0, "real": 0.0}, "EBITDA": {"rkap": 0.0, "real": 0.0}, "EBITDA Margin": {"rkap": 0, "real": 0}, "BOPO": {"rkap": 0, "real": 0}}, {"unit": "PTK", "Pendapatan Usaha": {"rkap": 0.0, "real": 0.0}, "BPP": {"rkap": 0.0, "real": 0.0}, "Laba Kotor": {"rkap": 0.0, "real": 0.0}, "Beban Usaha": {"rkap": 0.0, "real": 0.0}, "Laba Usaha": {"rkap": 0.0, "real": 0.0}, "Laba Bersih": {"rkap": 0.0, "real": 0.0}, "EBITDA": {"rkap": 0.0, "real": 0.0}, "EBITDA Margin": {"rkap": 0, "real": 0}, "BOPO": {"rkap": 0, "real": 0}}, {"unit": "TOTAL SHD (Konsolidasi)", "Pendapatan Usaha": {"rkap": 26456.25008602469, "real": 29479.370040575846}, "BPP": {"rkap": 24897.827450142813, "real": 26800.093200901683}, "Laba Kotor": {"rkap": 1558.4226358818785, "real": 2679.2768396741635}, "Beban Usaha": {"rkap": 1177.7061049140664, "real": 1158.5366156657947}, "Laba Usaha": {"rkap": 380.71653096781205, "real": 1520.740224008369}, "Laba Bersih": {"rkap": 160.2106500607828, "real": 690.2976368769927}, "EBITDA": {"rkap": 920.8887350300101, "real": 1647.086847647279}, "EBITDA Margin": {"rkap": 0.03480798420167877,